id,name,email,gender,vehicleType,vehicleNumber,status,phoneNo,x,y
1,Leeanne Soughton,lsoughton0@webs.com,Female,bicycle,null,available,(+91) 149-315-2972,-122.4995656,37.7033098
2,Editha By,eby1@amazon.de,Female,bicycle,null,available,(+91) 202-254-1434,-122.4503576,37.7057691
3,Lana Braybrook,lbraybrook2@redcross.org,Female,bicycle,null,available,(+91) 119-446-0761,-122.4502662,37.7058002
4,Verina Ashworth,vashworth3@rakuten.co.jp,Female,bicycle,null,available,(+91) 539-474-7727,-122.4970252,37.7005603
5,Feliks Somersett,fsomersett4@sohu.com,Male,bicycle,null,available,(+91) 134-889-8971,-122.4968181,37.7001482
6,Reggie O'Heneghan,roheneghan5@com.com,Male,bike,WBADX7C58DJ206273,available,(+91) 369-886-7420,-122.450163,37.7058354
7,Lanni Lowless,llowless6@jugem.jp,Female,bike,WAUWGAFC4DN980741,available,(+91) 620-248-4003,-122.4965766,37.6994817
8,Tim Houdhury,thoudhury7@macromedia.com,Female,bicycle,null,available,(+91) 375-303-0866,-122.4500597,37.7058706
9,Trudey Tillard,ttillard8@aboutads.info,Female,bicycle,null,available,(+91) 262-394-8476,-122.4499117,37.7056402
10,Sibella Momford,smomford9@mediafire.com,Female,car,JTHBL1EF4B5606733,available,(+91) 270-635-3910,-122.4993261,37.707345
11,Remy Whight,rwhighta@t.co,Female,car,1HGCP2F35AA433803,available,(+91) 841-146-2629,-122.4499911,37.7056131
12,Basilio Eilert,beilertb@pcworld.com,Male,car,19UYA42702A150903,available,(+91) 862-521-0867,-122.4923244,37.7056087
13,Grace Brunner,gbrunnerc@imdb.com,Male,bike,2C3CDYAG8EH247558,available,(+91) 351-259-2578,-122.4500706,37.705586
14,Ring Wadge,rwadged@reverbnation.com,Male,bike,WBAYE8C58FD480832,available,(+91) 608-110-0828,-122.45015,37.705559
15,Ruddy Pescott,rpescotte@example.com,Male,car,1G6KD57Y89U762488,available,(+91) 397-552-8464,-122.48664,37.7078325
16,Leticia Armatidge,larmatidgef@walmart.com,Female,bicycle,null,available,(+91) 477-700-4850,-122.4832782,37.7069781
17,Tracee Paydon,tpaydong@ucoz.com,Female,car,1FMEU5DE6AU882064,available,(+91) 100-943-6716,-122.4502294,37.7055319
18,Barbra Beuscher,bbeuscherh@cdbaby.com,Female,bicycle,null,available,(+91) 513-891-5040,-122.4503088,37.7055048
19,Bertram Riglesford,briglesfordi@cnbc.com,Male,bicycle,null,available,(+91) 297-686-3725,-122.4832803,37.7068224
20,Osmund Velareal,ovelarealj@irs.gov,Male,bicycle,null,available,(+91) 764-227-0577,-122.4503882,37.7054778
21,Nev Camin,ncamink@goodreads.com,Male,bicycle,null,available,(+91) 135-306-9655,-122.4505196,37.7053327
22,Beaufort Nanni,bnannil@tmall.com,Male,bicycle,null,available,(+91) 554-136-7639,-122.4833005,37.7067009
23,Victoria Schwanden,vschwandenm@google.com.br,Female,car,3D73Y4HL6BG647776,available,(+91) 875-985-2385,-122.4505562,37.7054005
24,Lindie Huffadine,lhuffadinen@topsy.com,Female,bike,JTHBE5C23B5690223,available,(+91) 780-793-0026,-122.4505928,37.7054682
25,Jerri Geffinger,jgeffingero@cisco.com,Male,car,KMHGH4JH0FU526273,available,(+91) 582-160-0882,-122.4833023,37.7065723
26,Wynn McCreary,wmccrearyp@barnesandnoble.com,Male,bike,WAUKD78P56A377205,available,(+91) 603-551-8949,-122.4506294,37.705536
27,Charlot Peet,cpeetq@huffingtonpost.com,Female,car,1N6AD0CU3AC404088,available,(+91) 545-932-5674,-122.450666,37.7056038
28,Obediah Neely,oneelyr@de.vu,Non-binary,car,WAUDF68E25A291280,available,(+91) 290-922-2486,-122.4507027,37.7056716
29,Lyle Polini,lpolinis@a8.net,Male,bicycle,null,available,(+91) 310-869-6299,-122.4832831,37.7064579
30,Ulrica Devereux,udevereuxt@cmu.edu,Genderqueer,car,2T1BU4EE4DC650292,available,(+91) 745-824-2470,-122.450423,37.7049275
31,Rosa Calven,rcalvenu@spiegel.de,Female,bicycle,null,available,(+91) 766-299-8382,-122.4503421,37.7049478
32,Clyde Gilmartin,cgilmartinv@aboutads.info,Male,car,1G6YV36A465887154,available,(+91) 122-291-3707,-122.4832702,37.706354
33,Jada Mungan,jmunganw@people.com.cn,Female,bike,1N6AF0KX2FN247168,available,(+91) 320-402-1412,-122.4502519,37.7049486
34,Appolonia Minall,aminallx@dion.ne.jp,Female,bicycle,null,available,(+91) 636-559-1799,-122.4832572,37.7062502
35,Xena Shellum,xshellumy@home.pl,Female,bike,WAUMGBFLXBA179085,available,(+91) 349-471-5542,-122.4501755,37.7049746
36,Cordelie Myerscough,cmyerscoughz@chron.com,Female,bike,1FTEX1CM1BK608202,available,(+91) 125-718-5615,-122.4832445,37.7061477
37,Leland Scarre,lscarre10@wikipedia.org,Female,bike,5N1BA0NC1FN226211,available,(+91) 617-794-2570,-122.4500959,37.7050017
38,Mitchell Borkin,mborkin11@timesonline.co.uk,Male,car,1G4HE57Y98U570771,available,(+91) 274-814-9685,-122.4499765,37.7050424
39,Gaile Lehrmann,glehrmann12@ibm.com,Male,car,1FTEX1EW9AF117950,available,(+91) 725-340-0275,-122.4498571,37.7050831
40,Rog Lownes,rlownes13@wordpress.com,Male,bike,3VWKP7AJ8EM779752,available,(+91) 764-525-5621,-122.4832319,37.7060465
41,Devina Sabie,dsabie14@smugmug.com,Female,car,5NPDH4AEXCH393850,available,(+91) 305-239-8143,-122.4497775,37.7051102
42,Lucille Le Galle,lle15@thetimes.co.uk,Female,bike,1NXBU4EE6AZ034703,available,(+91) 620-538-0899,-122.4496979,37.7051373
43,Trudi Pury,tpury16@hugedomains.com,Female,bike,2D4RN5D15AR252698,available,(+91) 469-112-1227,-122.4832193,37.7059454
44,Lief Antoszczyk,lantoszczyk17@shareasale.com,Male,bicycle,null,available,(+91) 227-959-9639,-122.4496183,37.7051645
45,Pier Gebuhr,pgebuhr18@drupal.org,Female,bike,1C3CCBAG4EN665106,available,(+91) 920-964-3254,-122.4495387,37.7051916
46,Ara Mylchreest,amylchreest19@slideshare.net,Male,bike,1G6KE57Y22U595791,available,(+91) 140-442-8874,-122.4832067,37.7058443
47,Wakefield Meader,wmeader1a@chron.com,Male,bike,3G5DA03E05S307066,available,(+91) 917-475-2807,-122.4827294,37.7073679
48,Annadiane Geggus,ageggus1b@utexas.edu,Female,bike,WAU3FAFR5BA182361,available,(+91) 329-860-1022,-122.4825815,37.7074103
49,Perice Jiggen,pjiggen1c@marriott.com,Male,bike,WBABS53422E538152,available,(+91) 322-449-2647,-122.4494392,37.7052255
50,Evelina Beneyto,ebeneyto1d@slideshare.net,Female,bike,WAUDT74F05N135017,available,(+91) 410-598-2734,-122.4824366,37.7074446
51,Alyda Culpen,aculpen1e@simplemachines.org,Female,car,3VW4A7AT2DM584935,available,(+91) 511-200-8367,-122.4493198,37.7052662
52,Mariquilla Timmis,mtimmis1f@newyorker.com,Genderqueer,bicycle,null,available,(+91) 828-241-0644,-122.4822936,37.7074616
53,Elna Wilbraham,ewilbraham1g@parallels.com,Female,car,WBSKG9C56DJ258600,available,(+91) 878-136-1902,-122.4492203,37.7053001
54,Ramsay Paulillo,rpaulillo1h@theglobeandmail.com,Male,car,1C4RDJDG0FC039042,available,(+91) 696-328-4876,-122.4491407,37.7053272
55,Karolina Le Maitre,kle1i@merriam-webster.com,Female,bike,1GYS4DEF4CR470236,available,(+91) 499-600-3435,-122.4821584,37.7074533
56,Garvy Furlow,gfurlow1j@youku.com,Male,bike,1G6KY54981U018038,available,(+91) 857-448-9651,-122.4820346,37.7074479
57,Alayne Antonognoli,aantonognoli1k@epa.gov,Genderfluid,bicycle,null,available,(+91) 376-229-6714,-122.4819137,37.7074449
58,Daffi Mattersley,dmattersley1l@reddit.com,Female,bike,YV1902AH6E1226997,available,(+91) 151-665-7911,-122.4817927,37.7074419
59,Emelia McKellar,emckellar1m@godaddy.com,Female,bicycle,null,available,(+91) 395-373-4173,-122.4816718,37.7074389
60,Nikki Cruickshank,ncruickshank1n@gravatar.com,Female,bicycle,null,available,(+91) 978-471-5646,-122.4815526,37.7074359
61,Clerc Beisley,cbeisley1o@rakuten.co.jp,Male,bicycle,null,available,(+91) 567-571-3337,-122.4490611,37.7053544
62,Giovanni Chezier,gchezier1p@technorati.com,Male,bicycle,null,available,(+91) 686-297-6212,-122.4814334,37.7074329
63,Bevin Sackler,bsackler1q@fema.gov,Male,bike,WAUDF78E66A134293,available,(+91) 588-805-4992,-122.4491349,37.7049706
64,Beatriz Slaughter,bslaughter1r@who.int,Female,bicycle,null,available,(+91) 102-181-1944,-122.4813159,37.70743
65,Betsey Peedell,bpeedell1s@alexa.com,Female,car,WBA3D3C52EF500303,available,(+91) 958-667-1654,-122.4492144,37.7049435
66,Ricardo Trowell,rtrowell1t@pbs.org,Male,bicycle,null,available,(+91) 684-244-3753,-122.4811985,37.7074271
67,Gilberta Glazier,gglazier1u@biglobe.ne.jp,Female,bike,JN8BS1MW6DM967190,available,(+91) 664-643-8151,-122.4492939,37.7049164
68,Josefa Buddleigh,jbuddleigh1v@wunderground.com,Female,bike,1B3CB7HB8AD729123,available,(+91) 143-515-9322,-122.481081,37.7074242
69,Chandler Christauffour,cchristauffour1w@digg.com,Male,bicycle,null,available,(+91) 596-745-3522,-122.4809635,37.7074212
70,Sibyl Brattell,sbrattell1x@last.fm,Female,car,JHMZF1D49ES241025,available,(+91) 485-799-8131,-122.480846,37.7074183
71,Beverley Cuttles,bcuttles1y@tamu.edu,Female,bicycle,null,available,(+91) 166-505-6321,-122.4807303,37.7074154
72,Rollo Winterburn,rwinterburn1z@storify.com,Male,bike,2T1BU4EE9BC324551,available,(+91) 310-212-1796,-122.4806111,37.7074125
73,Layla Hulcoop,lhulcoop20@yandex.ru,Female,bicycle,null,available,(+91) 914-768-4479,-122.4804919,37.7074095
74,Ryon Heinish,rheinish21@bigcartel.com,Male,bike,2C3CCAJT2CH840398,available,(+91) 569-502-6690,-122.4493734,37.7048893
75,Waneta Dreus,wdreus22@mashable.com,Female,car,2T1BURHE9EC068618,available,(+91) 802-715-0162,-122.4803761,37.7074066
76,Tilly Wakeling,twakeling23@imgur.com,Female,bike,5NPEB4AC8BH355455,available,(+91) 602-769-0547,-122.4502762,37.7047919
77,Delinda Madoc-Jones,dmadocjones24@cisco.com,Female,car,1G6DP5E35D0196944,available,(+91) 634-380-7139,-122.4802587,37.7074037
78,Geraldine Rohfsen,grohfsen25@ow.ly,Female,car,WBAGN635X5D035071,available,(+91) 846-884-7237,-122.4801412,37.7074008
79,Ranique Walden,rwalden26@walmart.com,Female,car,JA32X8HWXDU266103,available,(+91) 819-742-7131,-122.4800237,37.7073979
80,Bronnie Sinderland,bsinderland27@ezinearticles.com,Male,bicycle,null,available,(+91) 606-587-6822,-122.4488965,37.7050519
81,Mariette Terrell,mterrell28@economist.com,Female,bicycle,null,available,(+91) 451-458-0169,-122.4490555,37.7049977
82,Rosemaria Kiefer,rkiefer29@squidoo.com,Female,bike,3C4PDCBB1DT332444,available,(+91) 511-750-1398,-122.4799028,37.7073948
83,Rich Dunsmuir,rdunsmuir2a@quantcast.com,Male,bike,SCFKDCEP3EG786834,available,(+91) 170-787-3905,-122.448976,37.7050248
84,Armando Leavesley,aleavesley2b@sogou.com,Male,car,1N4AB7AP3DN133546,available,(+91) 205-346-8077,-122.4496529,37.7043006
85,Bartel Dolling,bdolling2c@livejournal.com,Male,bike,1G6DA1E38C0597249,available,(+91) 506-194-0203,-122.4828806,37.7073184
86,Kerwinn Southard,ksouthard2d@google.com.au,Non-binary,bicycle,null,available,(+91) 616-774-7980,-122.4495243,37.7043
87,Cindy Breadmore,cbreadmore2e@pcworld.com,Female,car,WBA3F9C51FK460138,available,(+91) 486-648-2063,-122.4492861,37.7043812
88,Claire Laugharne,claugharne2f@digg.com,Male,bicycle,null,available,(+91) 915-175-8552,-122.4492811,37.7040451
89,Lorri Fripps,lfripps2g@dot.gov,Female,bicycle,null,available,(+91) 422-346-8190,-122.4831389,37.7073033
90,Augie Bover,abover2h@canalblog.com,Male,bicycle,null,available,(+91) 465-111-9396,-122.4494449,37.7043271
91,Julie Cranham,jcranham2i@webnode.com,Male,car,WAUHGAFCXFN110116,available,(+91) 711-656-3351,-122.4493655,37.7043541
92,Wendel Bradden,wbradden2j@archive.org,Male,bicycle,null,available,(+91) 984-184-6802,-122.4490478,37.7044624
93,Robyn Flieger,rflieger2k@blog.com,Female,car,2C4RDGCG7FR797102,available,(+91) 848-328-4696,-122.4825805,37.7069708
94,Kory Dziwisz,kdziwisz2l@yolasite.com,Male,bicycle,null,available,(+91) 881-203-5589,-122.4823807,37.7070043
95,Iosep Tuxill,ituxill2m@vkontakte.ru,Male,bike,3VWML7AJ2DM327122,available,(+91) 885-659-3918,-122.4489684,37.7044894
96,Janeta Gather,jgather2n@telegraph.co.uk,Female,car,JN8AZ2NC6E9043726,available,(+91) 408-234-0710,-122.4822534,37.7070097
97,Hilde August,haugust2o@miitbeian.gov.cn,Agender,bike,1C4SDHCT1CC592755,available,(+91) 666-175-7808,-122.4491272,37.7044353
98,Linnell BoHlingolsen,lbohlingolsen2p@chron.com,Female,car,3VW517ATXFM027911,available,(+91) 185-938-1078,-122.4492066,37.7044082
99,Joscelin Scotter,jscotter2q@blogs.com,Female,bicycle,null,available,(+91) 640-785-8955,-122.4487301,37.7045706
100,Laverna Semrad,lsemrad2r@woothemes.com,Female,bicycle,null,available,(+91) 948-971-6162,-122.4821345,37.7070079
